項目,役割,規則（凍結した日）,結果,判定,出典
分解法・凍結版（歪みガウス 2 成分・src/pda.py）ΔT × 大動脈PWV、RI × 末梢血管抵抗,主要な問い Q1・Q2（表2 行1）,年齢層内（6 層）Spearman ρ が全層で予測の向き（ΔT 負・RI 正）かつ中央値 |ρ| ≥ 0.3。層は 8 名以上。プールした相関は参考値〔凍結 2026-09-03（20番の実行前）。問い自体は 2026-08-30 roadmap §3「研究0」〕,ΔT 0.223（6/6）・RI 0.207（5/6）,不成立,lab_log 2026-09-03「研究0 の事前規準と、実行前に捕まえた列ずれ」「研究0 の結果」; roadmap §8・§9; 追記12 で再現
分解法・第2版 歪みガウス（主たる経路・src/pda2.py）,主要な問い（凍結版の失敗が実装の問題かを問う。表2 行2）,「成立」の定義 1〜3: 2 つの問いの両方で A・B・C の 3 段すべて成立、`*` なし。27番で割れれば「成立」と書かない〔凍結 2026-09-04（gate0_rules_v2・pda2_thresholds_v2）。pda2 版 048d2b43bb05 を 2026-09-05 に固定〕,"ΔT: 採択 2/4,374。A・B は判定不能、C 0.167。RI: A・B は判定不能、C 0.354（3/6）",不成立（A・B 判定不能・C 不成立）。分解法を血管指標として用いる方針は取らない,gate0_rules_v2.md; pda2_final_summary.md §1〜2; 追記12 §1〜3; roadmap §9
分解法・第2版 ガンマ（併記）,頑健性の確認（表2 行3）,「ガンマ経路だけが成立しても『PDA が成立』とは書かない。張り付き率と 27番 B 層『探索範囲を広げる』の判定を併記」〔凍結 2026-09-04〕,ΔT: 採択 103。A 0.798（3/4 層）、C 0.556（6/6）。RI: A 0.609（4/4）、C 0.280（6/6）,不成立（27番で閾値・条件により判定が割れる）,gate0_rules_v2.md; 追記12・13
特徴点法（Charlton 同梱・同一の波形）ΔT・RI。副次に SI・AGI_mod・AI、ΔT × 頸大腿PWV,対照（指標の作り方だけを変える。表2 行4）,同じ規準を 20番から import。読み方を実行前に固定: 「特徴点法も不成立 → 失敗は PDA 固有ではない」「特徴点法だけ成立 → 失敗は PDA 固有」「モデル出力 PTT が強い負を示さない → 比較自体を疑う」〔凍結 2026-09-03（23番の実行前）〕,ΔT 0.710（6/6）・RI 0.504（6/6）。副次: SI 0.710・AGI_mod 0.885 は成立、AI 0.143 は不成立,成立（AI のみ不成立）。失敗は分解に固有と訂正し、全面撤退を取り消した,lab_log 2026-09-03「カーネルを増やせば助かるか」「判定の訂正」; roadmap §8; 追記12 で再現
早期振幅比 Am_b/Am_p1（Hellqvist 2024）× 大動脈PWV,4 つめの手法・探索（表2 行5）,「成立し、特徴点法 ΔT の中央値と同等以上（差 0.05 以内なら同等）なら研究2 の主指標候補を Am_b/Am_p1 に切り替える。ΔT は副次」「5〜95% の幅が 0.05 未満なら弁別できていないと読む」〔凍結 2026-09-04〕,0.836（6/6）。頸大腿PWV に対しては 0.758（5/6）で不成立,成立（頸大腿PWV に対しては不成立）。研究2 の主指標候補を Am_b/Am_p1 に切り替えた,gate0_rules_v2.md; 追記12 §3-4
陽性対照 モデル出力 PTT × 大動脈PWV,処理系の検査（表2 行6）,2026-09-03: 強い負を示さなければ比較自体を疑う。2026-09-04: 中央値 |ρ| ≥ 0.50 かつ全層負でなければ表全体を無効〔凍結 2026-09-03（23番）・2026-09-04（gate0_rules_v2 で数値化）〕,0.571（6/6）。同梱の到達時間の 22.2%（972 名）で周期の取り違えがあり、直すと 0.986（事後。表は有効のまま）,合格。表は有効,lab_log 2026-09-03「判定の訂正」; gate0_rules_v2.md; 追記11・12 §0
ΔT p1 基準（Hellqvist の収縮期ピーク）,探索（表2 の注）,「p1 基準 ΔT と自前の特徴点 ΔT の差が型3 で大きければ、特徴点 ΔT の収縮期側の基準点を p1 に置き換える」〔凍結 2026-09-04〕,"0.423（5/6）。同一の 4,269 名における自前の特徴点由来 ΔT 0.536 に劣る",不成立。p1 は採用しない（該当行に該当せず）,gate0_rules_v2.md; 追記12 §3-5
DPS（幅の差・Goswami 2010）,記述,「第2版 歪みガウスの DPS が真値と単調なら研究2 の副次指標に加える（符号は事後に決めない。記述として報告）」〔凍結 2026-09-04〕,主たる経路（歪みガウス）の採択は 2 拍で、A 段は判定不能。C 段の値は記述にとどめる,記述のみ（採用された分解を前提とする行なので適用しない）,gate0_rules_v2.md; 追記12 §3-7
波形の型の分布（26番 表2）と型3・型4 の扱い,判定の読み方の条件,「型3 が多ければ PDA の判定は型1 の拍で下され、型3 は特徴点・p1・早期振幅比で読む。型3 の n と 27番 A『型3 を含める』の判定を併記」「型4 には ΔT の形をした指標がどれも定義できない。型4 の n を報告し早期振幅比だけで議論」〔凍結 2026-09-04〕,"型1 891名（20.4%）・型3 3,378名（77.2%）・型4 105名（2.4%）",該当行どおりに読んだ: 分解法の判定は型1 の拍で下し、型3 は特徴点法・p1・早期振幅比で、型4 は早期振幅比だけで読む,gate0_rules_v2.md; 追記12 §1・§3-6
27番 閾値感度解析（A 層: 当てはめ直し不要、B 層: 624 名で当てはめ直し・14 条件）,結論が閾値の産物でないかの検査,「どの閾値でも同じなら結論は閾値の産物ではない。割れるなら論文に割れる範囲を書き『成立』とは書かない」。B 層の集団は subj_no % 7 == 0 に固定し、結果を見て選び直さない〔凍結 2026-09-04（lab_log「決定試験の前に閾値を凍結した」）〕,歪みガウス経路はどの閾値でも不成立。ガンマ経路は A 層・B 層とも閾値・条件で判定が割れる（採用分の 87.4% が探索範囲の境界にあり、範囲を広げると ΔT の A 段は 0.119）,表2 の第2版の 2 行に反映,pda2_thresholds_v2.md; 追記12 §2
表3 振った因子ごとの年齢層内主効果（記述）,機構の記述,「ΔT を動かす主因子が PWV、RI を動かす主因子が MBP なら概念どおり」〔凍結 2026-09-03〕,分解法 ΔT: 脈波伝播速度 −17.0（−0.26）・心拍数 −10.9（−0.54）・大動脈径 −12.6（−0.37）％。特徴点法 ΔT: 脈波伝播速度 −31.2・心拍数 −2.6％。分解法 RI: 心拍数 −40.3（−0.37）・脈波伝播速度 +33.7（−0.17）・平均血圧 +24.2（−0.00）％,概念どおりではない: 分解法 ΔT は心拍数の効きが脈波伝播速度と同じ桁で、RI の主因子は平均血圧ではない,lab_log 2026-09-03「研究0 の結果」「判定の訂正」; 追記12; 02_tables 表2
表3b 1 因子掃引（記述）,機構の記述,同上（1 因子だけ振った被験者の値）〔凍結 2026-09-03〕,脈波伝播速度の行が最も大きく折れ返る: ΔT 332.3 → 352.8 → 251.2 ms、RI 0.325 → 0.254 → 0.647,応答が単調でない（成分の対応が入れ替わる）,lab_log 2026-09-03「研究0 の結果」; 02_tables 表2b
表3c 真の伝播時間（モデルの立ち上がり時刻表。記述）,真値の記述,「橈骨→指尖の真値の幅を VitalDB の T2−T1 の症例内 SD（≈18 ms）と比べる」〔凍結 2026-09-03〕,"大動脈起始部→指尖 96 ms（66〜120 ms）、橈骨→指尖 8 ms（4〜16 ms）。ρ(大動脈PWV, 起始部→指尖) −0.99（6/6）、ρ(分解法 ΔT, 同) +0.19（6/6）",橈骨→指尖の真の伝播時間の幅は VitalDB の症例内 SD より狭い。分解法 ΔT は真の伝播時間をほとんど追わない,lab_log 2026-09-03「研究0 の結果」; 02_tables 表2c
